{
  "date" : "Mon, 17 Jul, 2023 16:02:45 -0300",
  "doco" : "For each file: start is seconds after start activity occurred. Length = milliseconds activity took",
  "files" : [
    {
      "name" : "\\fsh-generated\\resources\\ImplementationGuide-fhir.example.json",
      "size" : 4552,
      "processes" : [
        {
          "activity" : "scan",
          "start" : 49,
          "length" : 1
        },
        {
          "activity" : "load",
          "start" : 50,
          "length" : 101
        },
        {
          "activity" : "checkR4R4B",
          "start" : 58,
          "length" : 6
        },
        {
          "activity" : "generateNarratives",
          "start" : 58,
          "length" : 186
        },
        {
          "activity" : "validate",
          "start" : 76,
          "length" : 1
        },
        {
          "activity" : "validate",
          "start" : 76,
          "length" : 1148
        },
        {
          "activity" : "scanForUsageStats",
          "start" : 77,
          "length" : 2
        },
        {
          "activity" : "generate1",
          "start" : 77,
          "length" : 317
        },
        {
          "activity" : "generate2",
          "start" : 105,
          "length" : 230
        },
        {
          "activity" : "generateExampleZip",
          "start" : 222,
          "length" : 2
        },
        {
          "activity" : "generateExampleZip",
          "start" : 223,
          "length" : 1
        },
        {
          "activity" : "generateExampleZip",
          "start" : 223,
          "length" : 1
        },
        {
          "activity" : "generateValidationPack",
          "start" : 224,
          "length" : 5
        }
      ]
    },
    {
      "name" : "fsh-generated/resources/CodeSystem-animal-breed.json",
      "size" : 964,
      "processes" : [
        {
          "activity" : "loadResources",
          "start" : 49,
          "length" : 21
        },
        {
          "activity" : "load-configure",
          "start" : 49,
          "length" : 2
        },
        {
          "activity" : "loadDepInfo",
          "start" : 49,
          "length" : 1
        },
        {
          "activity" : "load",
          "start" : 49,
          "length" : 34
        },
        {
          "activity" : "generateNarratives",
          "start" : 59,
          "length" : 17
        },
        {
          "activity" : "validate",
          "start" : 64,
          "length" : 105
        },
        {
          "activity" : "checkConformanceResources",
          "start" : 77,
          "length" : 1
        },
        {
          "activity" : "generate1",
          "start" : 78,
          "length" : 69
        },
        {
          "activity" : "generate2",
          "start" : 105,
          "length" : 6464
        },
        {
          "activity" : "generateValidationPack",
          "start" : 224,
          "length" : 1
        }
      ]
    },
    {
      "name" : "fsh-generated/resources/CodeSystem-animal-species.json",
      "size" : 1757,
      "processes" : [
        {
          "activity" : "loadResources",
          "start" : 49,
          "length" : 26
        },
        {
          "activity" : "load",
          "start" : 49,
          "length" : 15
        },
        {
          "activity" : "generateNarratives",
          "start" : 59,
          "length" : 13
        },
        {
          "activity" : "validate",
          "start" : 65,
          "length" : 32
        },
        {
          "activity" : "checkConformanceResources",
          "start" : 77,
          "length" : 1
        },
        {
          "activity" : "generate1",
          "start" : 78,
          "length" : 38
        },
        {
          "activity" : "generate2",
          "start" : 112,
          "length" : 250
        },
        {
          "activity" : "generateValidationPack",
          "start" : 224,
          "length" : 1
        }
      ]
    },
    {
      "name" : "fsh-generated/resources/CodeSystem-animal-status.json",
      "size" : 698,
      "processes" : [
        {
          "activity" : "loadResources",
          "start" : 49,
          "length" : 19
        },
        {
          "activity" : "load-configure",
          "start" : 49,
          "length" : 1
        },
        {
          "activity" : "load",
          "start" : 49,
          "length" : 8
        },
        {
          "activity" : "generateNarratives",
          "start" : 59,
          "length" : 9
        },
        {
          "activity" : "validate",
          "start" : 65,
          "length" : 16
        },
        {
          "activity" : "generate1",
          "start" : 78,
          "length" : 26
        },
        {
          "activity" : "generate2",
          "start" : 112,
          "length" : 181
        }
      ]
    },
    {
      "name" : "fsh-generated/resources/StructureDefinition-EspecieAnimal.json",
      "size" : 802,
      "processes" : [
        {
          "activity" : "loadResources",
          "start" : 49,
          "length" : 17
        },
        {
          "activity" : "load",
          "start" : 49,
          "length" : 11
        },
        {
          "activity" : "generateSnapshots",
          "start" : 50,
          "length" : 82
        },
        {
          "activity" : "checkR4R4B",
          "start" : 58,
          "length" : 1
        },
        {
          "activity" : "generateNarratives",
          "start" : 59,
          "length" : 93
        },
        {
          "activity" : "validate",
          "start" : 65,
          "length" : 991
        },
        {
          "activity" : "checkConformanceResources",
          "start" : 77,
          "length" : 2
        },
        {
          "activity" : "scanForUsageStats",
          "start" : 77,
          "length" : 1
        },
        {
          "activity" : "generate1",
          "start" : 78,
          "length" : 129
        },
        {
          "activity" : "generate2",
          "start" : 112,
          "length" : 1642
        },
        {
          "activity" : "generateValidationPack",
          "start" : 224,
          "length" : 4
        }
      ]
    },
    {
      "name" : "fsh-generated/resources/StructureDefinition-EstadoDelGenero.json",
      "size" : 1356,
      "processes" : [
        {
          "activity" : "loadResources",
          "start" : 49,
          "length" : 26
        },
        {
          "activity" : "load",
          "start" : 49,
          "length" : 14
        },
        {
          "activity" : "load",
          "start" : 50,
          "length" : 2
        },
        {
          "activity" : "generateSnapshots",
          "start" : 50,
          "length" : 105
        },
        {
          "activity" : "generateNarratives",
          "start" : 59,
          "length" : 72
        },
        {
          "activity" : "validate",
          "start" : 66,
          "length" : 208
        },
        {
          "activity" : "scanForUsageStats",
          "start" : 77,
          "length" : 2
        },
        {
          "activity" : "generate1",
          "start" : 78,
          "length" : 291
        },
        {
          "activity" : "generate2",
          "start" : 114,
          "length" : 1424
        },
        {
          "activity" : "generateValidationPack",
          "start" : 224,
          "length" : 5
        }
      ]
    },
    {
      "name" : "fsh-generated/resources/StructureDefinition-MyComposition.json",
      "size" : 13938,
      "processes" : [
        {
          "activity" : "loadResources",
          "start" : 49,
          "length" : 123
        },
        {
          "activity" : "load",
          "start" : 49,
          "length" : 100
        },
        {
          "activity" : "generateSnapshots",
          "start" : 50,
          "length" : 2396
        },
        {
          "activity" : "generateNarratives",
          "start" : 59,
          "length" : 1360
        },
        {
          "activity" : "validate",
          "start" : 66,
          "length" : 3396
        },
        {
          "activity" : "checkConformanceResources",
          "start" : 77,
          "length" : 1
        },
        {
          "activity" : "scanForUsageStats",
          "start" : 77,
          "length" : 10
        },
        {
          "activity" : "generate1",
          "start" : 78,
          "length" : 3909
        },
        {
          "activity" : "generate2",
          "start" : 115,
          "length" : 14193
        },
        {
          "activity" : "generateValidationPack",
          "start" : 224,
          "length" : 86
        },
        {
          "activity" : "scanProfilesForR5",
          "start" : 254,
          "length" : 1
        },
        {
          "activity" : "scanExamplesForR5",
          "start" : 254,
          "length" : 4
        }
      ]
    },
    {
      "name" : "fsh-generated/resources/StructureDefinition-MyPractitioner.json",
      "size" : 6944,
      "processes" : [
        {
          "activity" : "loadResources",
          "start" : 49,
          "length" : 41
        },
        {
          "activity" : "load",
          "start" : 49,
          "length" : 45
        },
        {
          "activity" : "generateSnapshots",
          "start" : 53,
          "length" : 448
        },
        {
          "activity" : "generateNarratives",
          "start" : 60,
          "length" : 375
        },
        {
          "activity" : "validate",
          "start" : 69,
          "length" : 836
        },
        {
          "activity" : "checkConformanceResources",
          "start" : 77,
          "length" : 1
        },
        {
          "activity" : "scanForUsageStats",
          "start" : 77,
          "length" : 3
        },
        {
          "activity" : "generate1",
          "start" : 82,
          "length" : 1395
        },
        {
          "activity" : "generate2",
          "start" : 129,
          "length" : 3144
        },
        {
          "activity" : "generateValidationPack",
          "start" : 225,
          "length" : 36
        }
      ]
    },
    {
      "name" : "fsh-generated/resources/StructureDefinition-PetOrigin.json",
      "size" : 6344,
      "processes" : [
        {
          "activity" : "loadResources",
          "start" : 49,
          "length" : 57
        },
        {
          "activity" : "scan",
          "start" : 49,
          "length" : 1
        },
        {
          "activity" : "load",
          "start" : 49,
          "length" : 74
        },
        {
          "activity" : "generateSnapshots",
          "start" : 53,
          "length" : 554
        },
        {
          "activity" : "checkR4R4B",
          "start" : 58,
          "length" : 1
        },
        {
          "activity" : "generateNarratives",
          "start" : 61,
          "length" : 306
        },
        {
          "activity" : "validate",
          "start" : 70,
          "length" : 610
        },
        {
          "activity" : "checkConformanceResources",
          "start" : 77,
          "length" : 1
        },
        {
          "activity" : "scanForUsageStats",
          "start" : 77,
          "length" : 3
        },
        {
          "activity" : "generate1",
          "start" : 83,
          "length" : 1942
        },
        {
          "activity" : "generate2",
          "start" : 132,
          "length" : 3883
        },
        {
          "activity" : "generateValidationPack",
          "start" : 225,
          "length" : 39
        },
        {
          "activity" : "scanExamplesForR5",
          "start" : 254,
          "length" : 1
        }
      ]
    },
    {
      "name" : "fsh-generated/resources/StructureDefinition-PetOwnerRelatedPerson.json",
      "size" : 9356,
      "processes" : [
        {
          "activity" : "loadResources",
          "start" : 49,
          "length" : 61
        },
        {
          "activity" : "load",
          "start" : 50,
          "length" : 79
        },
        {
          "activity" : "generateSnapshots",
          "start" : 54,
          "length" : 537
        },
        {
          "activity" : "generateNarratives",
          "start" : 61,
          "length" : 499
        },
        {
          "activity" : "validate",
          "start" : 71,
          "length" : 748
        },
        {
          "activity" : "checkConformanceResources",
          "start" : 77,
          "length" : 1
        },
        {
          "activity" : "scanForUsageStats",
          "start" : 77,
          "length" : 3
        },
        {
          "activity" : "generate1",
          "start" : 85,
          "length" : 1676
        },
        {
          "activity" : "generate2",
          "start" : 136,
          "length" : 3633
        },
        {
          "activity" : "generateValidationPack",
          "start" : 225,
          "length" : 47
        },
        {
          "activity" : "scanExamplesForR5",
          "start" : 254,
          "length" : 1
        }
      ]
    },
    {
      "name" : "fsh-generated/resources/StructureDefinition-PetParticularSigns.json",
      "size" : 6374,
      "processes" : [
        {
          "activity" : "loadResources",
          "start" : 49,
          "length" : 42
        },
        {
          "activity" : "load",
          "start" : 50,
          "length" : 55
        },
        {
          "activity" : "generateSnapshots",
          "start" : 54,
          "length" : 683
        },
        {
          "activity" : "generateNarratives",
          "start" : 61,
          "length" : 377
        },
        {
          "activity" : "validate",
          "start" : 71,
          "length" : 580
        },
        {
          "activity" : "scanForUsageStats",
          "start" : 77,
          "length" : 4
        },
        {
          "activity" : "generate1",
          "start" : 87,
          "length" : 1371
        },
        {
          "activity" : "generate2",
          "start" : 140,
          "length" : 3633
        },
        {
          "activity" : "generateValidationPack",
          "start" : 225,
          "length" : 30
        }
      ]
    },
    {
      "name" : "fsh-generated/resources/StructureDefinition-PetPatient.json",
      "size" : 13079,
      "processes" : [
        {
          "activity" : "loadResources",
          "start" : 49,
          "length" : 52
        },
        {
          "activity" : "load",
          "start" : 50,
          "length" : 96
        },
        {
          "activity" : "generateSnapshots",
          "start" : 55,
          "length" : 1100
        },
        {
          "activity" : "generateNarratives",
          "start" : 62,
          "length" : 844
        },
        {
          "activity" : "validate",
          "start" : 72,
          "length" : 1113
        },
        {
          "activity" : "checkConformanceResources",
          "start" : 77,
          "length" : 1
        },
        {
          "activity" : "scanForUsageStats",
          "start" : 77,
          "length" : 5
        },
        {
          "activity" : "generate1",
          "start" : 88,
          "length" : 2913
        },
        {
          "activity" : "generate2",
          "start" : 143,
          "length" : 5654
        },
        {
          "activity" : "generateValidationPack",
          "start" : 225,
          "length" : 66
        },
        {
          "activity" : "scanExamplesForR5",
          "start" : 254,
          "length" : 2
        }
      ]
    },
    {
      "name" : "fsh-generated/resources/StructureDefinition-PetTypeCoat.json",
      "size" : 6350,
      "processes" : [
        {
          "activity" : "loadResources",
          "start" : 49,
          "length" : 43
        },
        {
          "activity" : "load",
          "start" : 50,
          "length" : 51
        },
        {
          "activity" : "generateSnapshots",
          "start" : 56,
          "length" : 562
        },
        {
          "activity" : "generateNarratives",
          "start" : 63,
          "length" : 319
        },
        {
          "activity" : "validate",
          "start" : 73,
          "length" : 635
        },
        {
          "activity" : "scanForUsageStats",
          "start" : 77,
          "length" : 2
        },
        {
          "activity" : "generate1",
          "start" : 91,
          "length" : 1782
        },
        {
          "activity" : "generate2",
          "start" : 149,
          "length" : 3708
        },
        {
          "activity" : "generateValidationPack",
          "start" : 225,
          "length" : 39
        }
      ]
    },
    {
      "name" : "fsh-generated/resources/StructureDefinition-PetWeight.json",
      "size" : 6969,
      "processes" : [
        {
          "activity" : "loadResources",
          "start" : 49,
          "length" : 41
        },
        {
          "activity" : "load",
          "start" : 50,
          "length" : 73
        },
        {
          "activity" : "generateSnapshots",
          "start" : 57,
          "length" : 602
        },
        {
          "activity" : "generateNarratives",
          "start" : 63,
          "length" : 390
        },
        {
          "activity" : "validate",
          "start" : 74,
          "length" : 617
        },
        {
          "activity" : "checkConformanceResources",
          "start" : 77,
          "length" : 2
        },
        {
          "activity" : "scanForUsageStats",
          "start" : 77,
          "length" : 4
        },
        {
          "activity" : "generate1",
          "start" : 93,
          "length" : 1520
        },
        {
          "activity" : "generate2",
          "start" : 153,
          "length" : 4014
        },
        {
          "activity" : "generateValidationPack",
          "start" : 225,
          "length" : 49
        },
        {
          "activity" : "scanExamplesForR5",
          "start" : 254,
          "length" : 2
        }
      ]
    },
    {
      "name" : "fsh-generated/resources/StructureDefinition-PetZootechnicalPurpose.json",
      "size" : 6404,
      "processes" : [
        {
          "activity" : "loadResources",
          "start" : 49,
          "length" : 36
        },
        {
          "activity" : "load",
          "start" : 50,
          "length" : 50
        },
        {
          "activity" : "generateSnapshots",
          "start" : 57,
          "length" : 539
        },
        {
          "activity" : "generateNarratives",
          "start" : 63,
          "length" : 439
        },
        {
          "activity" : "validate",
          "start" : 74,
          "length" : 618
        },
        {
          "activity" : "scanForUsageStats",
          "start" : 77,
          "length" : 2
        },
        {
          "activity" : "generate1",
          "start" : 95,
          "length" : 1622
        },
        {
          "activity" : "generate2",
          "start" : 157,
          "length" : 2823
        },
        {
          "activity" : "generateValidationPack",
          "start" : 225,
          "length" : 60
        },
        {
          "activity" : "scanProfilesForR5",
          "start" : 254,
          "length" : 1
        }
      ]
    },
    {
      "name" : "fsh-generated/resources/StructureDefinition-RazaAnimal.json",
      "size" : 1336,
      "processes" : [
        {
          "activity" : "loadResources",
          "start" : 49,
          "length" : 8
        },
        {
          "activity" : "load",
          "start" : 50,
          "length" : 17
        },
        {
          "activity" : "generateSnapshots",
          "start" : 58,
          "length" : 71
        },
        {
          "activity" : "generateNarratives",
          "start" : 64,
          "length" : 60
        },
        {
          "activity" : "validate",
          "start" : 75,
          "length" : 108
        },
        {
          "activity" : "validate",
          "start" : 77,
          "length" : 1
        },
        {
          "activity" : "generate1",
          "start" : 96,
          "length" : 253
        },
        {
          "activity" : "generate2",
          "start" : 160,
          "length" : 607
        },
        {
          "activity" : "makeDependencies",
          "start" : 185,
          "length" : 2
        },
        {
          "activity" : "generateExampleZip",
          "start" : 223,
          "length" : 2
        },
        {
          "activity" : "generateValidationPack",
          "start" : 225,
          "length" : 5
        },
        {
          "activity" : "scanExamplesForR5",
          "start" : 254,
          "length" : 1
        }
      ]
    },
    {
      "name" : "fsh-generated/resources/StructureDefinition-VetOrganization.json",
      "size" : 8817,
      "processes" : [
        {
          "activity" : "loadResources",
          "start" : 49,
          "length" : 46
        },
        {
          "activity" : "load",
          "start" : 50,
          "length" : 57
        },
        {
          "activity" : "generateSnapshots",
          "start" : 58,
          "length" : 575
        },
        {
          "activity" : "generateNarratives",
          "start" : 64,
          "length" : 528
        },
        {
          "activity" : "validate",
          "start" : 75,
          "length" : 606
        },
        {
          "activity" : "scanForUsageStats",
          "start" : 77,
          "length" : 4
        },
        {
          "activity" : "generate1",
          "start" : 96,
          "length" : 1597
        },
        {
          "activity" : "generate2",
          "start" : 160,
          "length" : 3787
        },
        {
          "activity" : "generateExampleZip",
          "start" : 223,
          "length" : 1
        },
        {
          "activity" : "generateValidationPack",
          "start" : 225,
          "length" : 55
        }
      ]
    },
    {
      "name" : "fsh-generated/resources/ValueSet-especieAnimal.json",
      "size" : 402,
      "processes" : [
        {
          "activity" : "loadResources",
          "start" : 49,
          "length" : 2
        },
        {
          "activity" : "load-configure",
          "start" : 49,
          "length" : 1
        },
        {
          "activity" : "load",
          "start" : 49,
          "length" : 11
        },
        {
          "activity" : "generateNarratives",
          "start" : 64,
          "length" : 110
        },
        {
          "activity" : "validate",
          "start" : 65,
          "length" : 12
        },
        {
          "activity" : "generate1",
          "start" : 98,
          "length" : 23
        },
        {
          "activity" : "generate2",
          "start" : 164,
          "length" : 11326
        },
        {
          "activity" : "generateExampleZip",
          "start" : 222,
          "length" : 1
        },
        {
          "activity" : "generateValidationPack",
          "start" : 225,
          "length" : 1
        }
      ]
    },
    {
      "name" : "fsh-generated/resources/ValueSet-estadoGenero.json",
      "size" : 400,
      "processes" : [
        {
          "activity" : "loadResources",
          "start" : 49,
          "length" : 3
        },
        {
          "activity" : "load",
          "start" : 49,
          "length" : 7
        },
        {
          "activity" : "generateNarratives",
          "start" : 64,
          "length" : 13
        },
        {
          "activity" : "validate",
          "start" : 65,
          "length" : 7
        },
        {
          "activity" : "generate1",
          "start" : 98,
          "length" : 21
        },
        {
          "activity" : "generate2",
          "start" : 175,
          "length" : 114
        },
        {
          "activity" : "generateValidationPack",
          "start" : 225,
          "length" : 1
        }
      ]
    },
    {
      "name" : "fsh-generated/resources/ValueSet-razaAnimal.json",
      "size" : 379,
      "processes" : [
        {
          "activity" : "loadResources",
          "start" : 49,
          "length" : 3
        },
        {
          "activity" : "load",
          "start" : 49,
          "length" : 7
        },
        {
          "activity" : "generateNarratives",
          "start" : 64,
          "length" : 5
        },
        {
          "activity" : "validate",
          "start" : 65,
          "length" : 9
        },
        {
          "activity" : "generate1",
          "start" : 98,
          "length" : 17
        },
        {
          "activity" : "generate2",
          "start" : 176,
          "length" : 107
        }
      ]
    }
  ]
}
