<?xml version="1.0" encoding="UTF-8"?><Bundle xmlns="http://hl7.org/fhir"><type value="collection"/><entry><resource><OperationOutcome><issue><extension url="http://hl7.org/fhir/StructureDefinition/operationoutcome-issue-source"><valueString value="Publisher"/></extension><severity value="error"/><code value="not-found"/><details><text value="Supressed messages file not found"/></details><expression value="ImplementationGuide.definition.parameter[23].value"/></issue><issue><extension url="http://hl7.org/fhir/StructureDefinition/operationoutcome-issue-source"><valueString value="Publisher"/></extension><severity value="warning"/><code value="not-found"/><details><text value="The HTML fragment 'ip-statements.xhtml' is not included anywhere in the produced implementation guide"/></details><expression value="1"/></issue><issue><extension url="http://hl7.org/fhir/StructureDefinition/operationoutcome-issue-source"><valueString value="Publisher"/></extension><severity value="warning"/><code value="not-found"/><details><text value="An HTML fragment from the set [cross-version-analysis.xhtml, cross-version-analysis-inline.xhtml] is not included anywhere in the produced implementation guide"/></details><expression value="2"/></issue><issue><extension url="http://hl7.org/fhir/StructureDefinition/operationoutcome-issue-source"><valueString value="Publisher"/></extension><severity value="warning"/><code value="not-found"/><details><text value="An HTML fragment from the set [dependency-table.xhtml, dependency-table-short.xhtml] is not included anywhere in the produced implementation guide"/></details><expression value="3"/></issue><issue><extension url="http://hl7.org/fhir/StructureDefinition/operationoutcome-issue-source"><valueString value="Publisher"/></extension><severity value="warning"/><code value="not-found"/><details><text value="The HTML fragment 'globals-table.xhtml' is not included anywhere in the produced implementation guide"/></details><expression value="4"/></issue></OperationOutcome></resource></entry><entry><resource><OperationOutcome><extension url="http://hl7.org/fhir/StructureDefinition/operationoutcome-file"><valueString value="C:\Users\Agustin\Documents\Forge\integrador\proyectoFinal\fsh-generated\resources\CodeSystem-animal-breed"/></extension><issue><extension url="http://hl7.org/fhir/StructureDefinition/operationoutcome-issue-source"><valueString value="ProfileValidator"/></extension><extension url="http://hl7.org/fhir/StructureDefinition/operationoutcome-message-id"><valueCode value="RESOURCE_CANONICAL_MISMATCH"/></extension><severity value="error"/><code value="structure"/><details><text value="Conformance resource C:\Users\Agustin\Documents\Forge\integrador\proyectoFinal\fsh-generated\resources\CodeSystem-animal-breed.json - the canonical URL (http://example.org/CodeSystem/animal-breed) does not match the URL (http://example.com/fhir/CodeSystem/animal-breed)"/></details><expression value="CodeSystem.where(url = 'http://example.com/fhir/CodeSystem/animal-breed')"/></issue><issue><extension url="http://hl7.org/fhir/StructureDefinition/operationoutcome-issue-source"><valueString value="InstanceValidator"/></extension><severity value="information"/><code value="business-rule"/><details><text value="Los CodeSystems no definidos por HL7 DEBERIAN tener un valor  definido para el elemento caseSensitive para que los usuarios conozcan el estado y significado del sistema de codificación claramente"/></details><expression value="CodeSystem/animal-breed: CodeSystem"/></issue><issue><extension url="http://hl7.org/fhir/StructureDefinition/operationoutcome-issue-line"><valueInteger value="1"/></extension><extension url="http://hl7.org/fhir/StructureDefinition/operationoutcome-issue-col"><valueInteger value="2009"/></extension><extension url="http://hl7.org/fhir/StructureDefinition/operationoutcome-issue-source"><valueString value="InstanceValidator"/></extension><extension url="http://hl7.org/fhir/StructureDefinition/operationoutcome-message-id"><valueCode value="CODESYSTEM_SHAREABLE_MISSING"/></extension><severity value="warning"/><code value="required"/><details><text value="El perfil ShareableValueSet dice que el elemento title es obligatorio, pero no está presente. Los conjuntos de valores publicados DEBERIAN conformar al perfil ShareableValueSet"/></details><expression value="CodeSystem/animal-breed: CodeSystem"/></issue><issue><extension url="http://hl7.org/fhir/StructureDefinition/operationoutcome-issue-line"><valueInteger value="1"/></extension><extension url="http://hl7.org/fhir/StructureDefinition/operationoutcome-issue-col"><valueInteger value="2009"/></extension><extension url="http://hl7.org/fhir/StructureDefinition/operationoutcome-issue-source"><valueString value="InstanceValidator"/></extension><extension url="http://hl7.org/fhir/StructureDefinition/operationoutcome-message-id"><valueCode value="CODESYSTEM_SHAREABLE_MISSING"/></extension><severity value="warning"/><code value="required"/><details><text value="El perfil ShareableValueSet dice que el elemento experimental es obligatorio, pero no está presente. Los conjuntos de valores publicados DEBERIAN conformar al perfil ShareableValueSet"/></details><expression value="CodeSystem/animal-breed: CodeSystem"/></issue><issue><extension url="http://hl7.org/fhir/StructureDefinition/operationoutcome-issue-line"><valueInteger value="1"/></extension><extension url="http://hl7.org/fhir/StructureDefinition/operationoutcome-issue-col"><valueInteger value="2009"/></extension><extension url="http://hl7.org/fhir/StructureDefinition/operationoutcome-issue-source"><valueString value="InstanceValidator"/></extension><extension url="http://hl7.org/fhir/StructureDefinition/operationoutcome-message-id"><valueCode value="CODESYSTEM_SHAREABLE_MISSING"/></extension><severity value="warning"/><code value="required"/><details><text value="El perfil ShareableValueSet dice que el elemento caseSensitive es obligatorio, pero no está presente. Los conjuntos de valores publicados DEBERIAN conformar al perfil ShareableValueSet"/></details><expression value="CodeSystem/animal-breed: CodeSystem"/></issue><issue><extension url="http://hl7.org/fhir/StructureDefinition/operationoutcome-issue-source"><valueString value="Publisher"/></extension><severity value="error"/><code value="business-rule"/><details><text value="URL Mismatch http://example.org/CodeSystem/animal-breed vs http://example.com/fhir/CodeSystem/animal-breed"/></details><expression value="C:\Users\Agustin\Documents\Forge\integrador\proyectoFinal\fsh-generated\resources\CodeSystem-animal-breed"/></issue></OperationOutcome></resource></entry><entry><resource><OperationOutcome><extension url="http://hl7.org/fhir/StructureDefinition/operationoutcome-file"><valueString value="C:\Users\Agustin\Documents\Forge\integrador\proyectoFinal\fsh-generated\resources\CodeSystem-animal-species"/></extension><issue><extension url="http://hl7.org/fhir/StructureDefinition/operationoutcome-issue-source"><valueString value="ProfileValidator"/></extension><extension url="http://hl7.org/fhir/StructureDefinition/operationoutcome-message-id"><valueCode value="RESOURCE_CANONICAL_MISMATCH"/></extension><severity value="error"/><code value="structure"/><details><text value="Conformance resource C:\Users\Agustin\Documents\Forge\integrador\proyectoFinal\fsh-generated\resources\CodeSystem-animal-species.json - the canonical URL (http://example.org/CodeSystem/animal-species) does not match the URL (http://example.com/fhir/CodeSystem/animal-species)"/></details><expression value="CodeSystem.where(url = 'http://example.com/fhir/CodeSystem/animal-species')"/></issue><issue><extension url="http://hl7.org/fhir/StructureDefinition/operationoutcome-issue-source"><valueString value="InstanceValidator"/></extension><severity value="information"/><code value="business-rule"/><details><text value="Los CodeSystems no definidos por HL7 DEBERIAN tener un valor  definido para el elemento caseSensitive para que los usuarios conozcan el estado y significado del sistema de codificación claramente"/></details><expression value="CodeSystem/animal-species: CodeSystem"/></issue><issue><extension url="http://hl7.org/fhir/StructureDefinition/operationoutcome-issue-line"><valueInteger value="1"/></extension><extension url="http://hl7.org/fhir/StructureDefinition/operationoutcome-issue-col"><valueInteger value="2552"/></extension><extension url="http://hl7.org/fhir/StructureDefinition/operationoutcome-issue-source"><valueString value="InstanceValidator"/></extension><extension url="http://hl7.org/fhir/StructureDefinition/operationoutcome-message-id"><valueCode value="CODESYSTEM_SHAREABLE_MISSING"/></extension><severity value="warning"/><code value="required"/><details><text value="El perfil ShareableValueSet dice que el elemento title es obligatorio, pero no está presente. Los conjuntos de valores publicados DEBERIAN conformar al perfil ShareableValueSet"/></details><expression value="CodeSystem/animal-species: CodeSystem"/></issue><issue><extension url="http://hl7.org/fhir/StructureDefinition/operationoutcome-issue-line"><valueInteger value="1"/></extension><extension url="http://hl7.org/fhir/StructureDefinition/operationoutcome-issue-col"><valueInteger value="2552"/></extension><extension url="http://hl7.org/fhir/StructureDefinition/operationoutcome-issue-source"><valueString value="InstanceValidator"/></extension><extension url="http://hl7.org/fhir/StructureDefinition/operationoutcome-message-id"><valueCode value="CODESYSTEM_SHAREABLE_MISSING"/></extension><severity value="warning"/><code value="required"/><details><text value="El perfil ShareableValueSet dice que el elemento experimental es obligatorio, pero no está presente. Los conjuntos de valores publicados DEBERIAN conformar al perfil ShareableValueSet"/></details><expression value="CodeSystem/animal-species: CodeSystem"/></issue><issue><extension url="http://hl7.org/fhir/StructureDefinition/operationoutcome-issue-line"><valueInteger value="1"/></extension><extension url="http://hl7.org/fhir/StructureDefinition/operationoutcome-issue-col"><valueInteger value="2552"/></extension><extension url="http://hl7.org/fhir/StructureDefinition/operationoutcome-issue-source"><valueString value="InstanceValidator"/></extension><extension url="http://hl7.org/fhir/StructureDefinition/operationoutcome-message-id"><valueCode value="CODESYSTEM_SHAREABLE_MISSING"/></extension><severity value="warning"/><code value="required"/><details><text value="El perfil ShareableValueSet dice que el elemento caseSensitive es obligatorio, pero no está presente. Los conjuntos de valores publicados DEBERIAN conformar al perfil ShareableValueSet"/></details><expression value="CodeSystem/animal-species: CodeSystem"/></issue><issue><extension url="http://hl7.org/fhir/StructureDefinition/operationoutcome-issue-source"><valueString value="Publisher"/></extension><severity value="error"/><code value="business-rule"/><details><text value="URL Mismatch http://example.org/CodeSystem/animal-species vs http://example.com/fhir/CodeSystem/animal-species"/></details><expression value="C:\Users\Agustin\Documents\Forge\integrador\proyectoFinal\fsh-generated\resources\CodeSystem-animal-species"/></issue></OperationOutcome></resource></entry><entry><resource><OperationOutcome><extension url="http://hl7.org/fhir/StructureDefinition/operationoutcome-file"><valueString value="C:\Users\Agustin\Documents\Forge\integrador\proyectoFinal\fsh-generated\resources\CodeSystem-animal-status"/></extension><issue><extension url="http://hl7.org/fhir/StructureDefinition/operationoutcome-issue-source"><valueString value="ProfileValidator"/></extension><extension url="http://hl7.org/fhir/StructureDefinition/operationoutcome-message-id"><valueCode value="RESOURCE_CANONICAL_MISMATCH"/></extension><severity value="error"/><code value="structure"/><details><text value="Conformance resource C:\Users\Agustin\Documents\Forge\integrador\proyectoFinal\fsh-generated\resources\CodeSystem-animal-status.json - the canonical URL (http://example.org/CodeSystem/animal-status) does not match the URL (http://example.com/fhir/CodeSystem/animal-status)"/></details><expression value="CodeSystem.where(url = 'http://example.com/fhir/CodeSystem/animal-status')"/></issue><issue><extension url="http://hl7.org/fhir/StructureDefinition/operationoutcome-issue-source"><valueString value="InstanceValidator"/></extension><severity value="information"/><code value="business-rule"/><details><text value="Los CodeSystems no definidos por HL7 DEBERIAN tener un valor  definido para el elemento caseSensitive para que los usuarios conozcan el estado y significado del sistema de codificación claramente"/></details><expression value="CodeSystem/animal-status: CodeSystem"/></issue><issue><extension url="http://hl7.org/fhir/StructureDefinition/operationoutcome-issue-line"><valueInteger value="1"/></extension><extension url="http://hl7.org/fhir/StructureDefinition/operationoutcome-issue-col"><valueInteger value="1480"/></extension><extension url="http://hl7.org/fhir/StructureDefinition/operationoutcome-issue-source"><valueString value="InstanceValidator"/></extension><extension url="http://hl7.org/fhir/StructureDefinition/operationoutcome-message-id"><valueCode value="CODESYSTEM_SHAREABLE_MISSING"/></extension><severity value="warning"/><code value="required"/><details><text value="El perfil ShareableValueSet dice que el elemento title es obligatorio, pero no está presente. Los conjuntos de valores publicados DEBERIAN conformar al perfil ShareableValueSet"/></details><expression value="CodeSystem/animal-status: CodeSystem"/></issue><issue><extension url="http://hl7.org/fhir/StructureDefinition/operationoutcome-issue-line"><valueInteger value="1"/></extension><extension url="http://hl7.org/fhir/StructureDefinition/operationoutcome-issue-col"><valueInteger value="1480"/></extension><extension url="http://hl7.org/fhir/StructureDefinition/operationoutcome-issue-source"><valueString value="InstanceValidator"/></extension><extension url="http://hl7.org/fhir/StructureDefinition/operationoutcome-message-id"><valueCode value="CODESYSTEM_SHAREABLE_MISSING"/></extension><severity value="warning"/><code value="required"/><details><text value="El perfil ShareableValueSet dice que el elemento experimental es obligatorio, pero no está presente. Los conjuntos de valores publicados DEBERIAN conformar al perfil ShareableValueSet"/></details><expression value="CodeSystem/animal-status: CodeSystem"/></issue><issue><extension url="http://hl7.org/fhir/StructureDefinition/operationoutcome-issue-line"><valueInteger value="1"/></extension><extension url="http://hl7.org/fhir/StructureDefinition/operationoutcome-issue-col"><valueInteger value="1480"/></extension><extension url="http://hl7.org/fhir/StructureDefinition/operationoutcome-issue-source"><valueString value="InstanceValidator"/></extension><extension url="http://hl7.org/fhir/StructureDefinition/operationoutcome-message-id"><valueCode value="CODESYSTEM_SHAREABLE_MISSING"/></extension><severity value="warning"/><code value="required"/><details><text value="El perfil ShareableValueSet dice que el elemento caseSensitive es obligatorio, pero no está presente. Los conjuntos de valores publicados DEBERIAN conformar al perfil ShareableValueSet"/></details><expression value="CodeSystem/animal-status: CodeSystem"/></issue><issue><extension url="http://hl7.org/fhir/StructureDefinition/operationoutcome-issue-source"><valueString value="Publisher"/></extension><severity value="error"/><code value="business-rule"/><details><text value="URL Mismatch http://example.org/CodeSystem/animal-status vs http://example.com/fhir/CodeSystem/animal-status"/></details><expression value="C:\Users\Agustin\Documents\Forge\integrador\proyectoFinal\fsh-generated\resources\CodeSystem-animal-status"/></issue></OperationOutcome></resource></entry><entry><resource><OperationOutcome><extension url="http://hl7.org/fhir/StructureDefinition/operationoutcome-file"><valueString value="C:\Users\Agustin\Documents\Forge\integrador\proyectoFinal\fsh-generated\resources\ImplementationGuide-fhir.example"/></extension><issue><extension url="http://hl7.org/fhir/StructureDefinition/operationoutcome-issue-line"><valueInteger value="1"/></extension><extension url="http://hl7.org/fhir/StructureDefinition/operationoutcome-issue-col"><valueInteger value="15582"/></extension><extension url="http://hl7.org/fhir/StructureDefinition/operationoutcome-issue-source"><valueString value="InstanceValidator"/></extension><extension url="http://hl7.org/fhir/StructureDefinition/operationoutcome-message-id"><valueCode value="La regla ig-0: 'Name should be usable as an identifier for the module by machine processing applications such as code generation' falló"/></extension><severity value="warning"/><code value="invariant"/><details><text value="La regla ig-0: 'Name should be usable as an identifier for the module by machine processing applications such as code generation' falló"/></details><expression value="ImplementationGuide/fhir.example: ImplementationGuide"/></issue></OperationOutcome></resource></entry><entry><resource><OperationOutcome><extension url="http://hl7.org/fhir/StructureDefinition/operationoutcome-file"><valueString value="C:\Users\Agustin\Documents\Forge\integrador\proyectoFinal\fsh-generated\resources\StructureDefinition-EspecieAnimal"/></extension><issue><extension url="http://hl7.org/fhir/StructureDefinition/operationoutcome-issue-source"><valueString value="ProfileValidator"/></extension><extension url="http://hl7.org/fhir/StructureDefinition/operationoutcome-message-id"><valueCode value="RESOURCE_CANONICAL_MISMATCH"/></extension><severity value="error"/><code value="structure"/><details><text value="Conformance resource C:\Users\Agustin\Documents\Forge\integrador\proyectoFinal\fsh-generated\resources\StructureDefinition-EspecieAnimal.json - the canonical URL (http://example.org/StructureDefinition/EspecieAnimal) does not match the URL (https://example.org/fhir/StructureDefinition/EspecieAnimal)"/></details><expression value="StructureDefinition.where(url = 'https://example.org/fhir/StructureDefinition/EspecieAnimal')"/></issue><issue><extension url="http://hl7.org/fhir/StructureDefinition/operationoutcome-issue-source"><valueString value="Publisher"/></extension><severity value="warning"/><code value="business-rule"/><details><text value="The Implementation Guide contains no examples for this extension"/></details><expression value="StructureDefinition.where(url = 'https://example.org/fhir/StructureDefinition/EspecieAnimal')"/></issue><issue><extension url="http://hl7.org/fhir/StructureDefinition/operationoutcome-issue-source"><valueString value="Publisher"/></extension><severity value="error"/><code value="business-rule"/><details><text value="URL Mismatch http://example.org/StructureDefinition/EspecieAnimal vs https://example.org/fhir/StructureDefinition/EspecieAnimal"/></details><expression value="C:\Users\Agustin\Documents\Forge\integrador\proyectoFinal\fsh-generated\resources\StructureDefinition-EspecieAnimal"/></issue></OperationOutcome></resource></entry><entry><resource><OperationOutcome><extension url="http://hl7.org/fhir/StructureDefinition/operationoutcome-file"><valueString value="C:\Users\Agustin\Documents\Forge\integrador\proyectoFinal\fsh-generated\resources\StructureDefinition-EstadoDelGenero"/></extension><issue><extension url="http://hl7.org/fhir/StructureDefinition/operationoutcome-issue-source"><valueString value="ProfileValidator"/></extension><extension url="http://hl7.org/fhir/StructureDefinition/operationoutcome-message-id"><valueCode value="RESOURCE_CANONICAL_MISMATCH"/></extension><severity value="error"/><code value="structure"/><details><text value="Conformance resource C:\Users\Agustin\Documents\Forge\integrador\proyectoFinal\fsh-generated\resources\StructureDefinition-EstadoDelGenero.json - the canonical URL (http://example.org/StructureDefinition/EstadoDelGenero) does not match the URL (https://example.org/fhir/StructureDefinition/EstadoDelGenero)"/></details><expression value="StructureDefinition.where(url = 'https://example.org/fhir/StructureDefinition/EstadoDelGenero')"/></issue><issue><extension url="http://hl7.org/fhir/StructureDefinition/operationoutcome-issue-source"><valueString value="Publisher"/></extension><severity value="warning"/><code value="business-rule"/><details><text value="The Implementation Guide contains no examples for this extension"/></details><expression value="StructureDefinition.where(url = 'https://example.org/fhir/StructureDefinition/EstadoDelGenero')"/></issue><issue><extension url="http://hl7.org/fhir/StructureDefinition/operationoutcome-issue-source"><valueString value="Publisher"/></extension><severity value="error"/><code value="business-rule"/><details><text value="URL Mismatch http://example.org/StructureDefinition/EstadoDelGenero vs https://example.org/fhir/StructureDefinition/EstadoDelGenero"/></details><expression value="C:\Users\Agustin\Documents\Forge\integrador\proyectoFinal\fsh-generated\resources\StructureDefinition-EstadoDelGenero"/></issue></OperationOutcome></resource></entry><entry><resource><OperationOutcome><extension url="http://hl7.org/fhir/StructureDefinition/operationoutcome-file"><valueString value="C:\Users\Agustin\Documents\Forge\integrador\proyectoFinal\fsh-generated\resources\StructureDefinition-MyComposition"/></extension><issue><extension url="http://hl7.org/fhir/StructureDefinition/operationoutcome-issue-source"><valueString value="ProfileValidator"/></extension><extension url="http://hl7.org/fhir/StructureDefinition/operationoutcome-message-id"><valueCode value="RESOURCE_CANONICAL_MISMATCH"/></extension><severity value="error"/><code value="structure"/><details><text value="Conformance resource C:\Users\Agustin\Documents\Forge\integrador\proyectoFinal\fsh-generated\resources\StructureDefinition-MyComposition.json - the canonical URL (http://example.org/StructureDefinition/MyComposition) does not match the URL (https://example.org/fhir/StructureDefinition/Composition)"/></details><expression value="StructureDefinition.where(url = 'https://example.org/fhir/StructureDefinition/Composition')"/></issue><issue><extension url="http://hl7.org/fhir/StructureDefinition/operationoutcome-issue-source"><valueString value="Publisher"/></extension><severity value="warning"/><code value="business-rule"/><details><text value="The Implementation Guide contains no examples for this profile"/></details><expression value="StructureDefinition.where(url = 'https://example.org/fhir/StructureDefinition/Composition')"/></issue><issue><extension url="http://hl7.org/fhir/StructureDefinition/operationoutcome-issue-source"><valueString value="Publisher"/></extension><severity value="error"/><code value="business-rule"/><details><text value="URL Mismatch http://example.org/StructureDefinition/MyComposition vs https://example.org/fhir/StructureDefinition/Composition"/></details><expression value="C:\Users\Agustin\Documents\Forge\integrador\proyectoFinal\fsh-generated\resources\StructureDefinition-MyComposition"/></issue></OperationOutcome></resource></entry><entry><resource><OperationOutcome><extension url="http://hl7.org/fhir/StructureDefinition/operationoutcome-file"><valueString value="C:\Users\Agustin\Documents\Forge\integrador\proyectoFinal\fsh-generated\resources\StructureDefinition-MyPractitioner"/></extension><issue><extension url="http://hl7.org/fhir/StructureDefinition/operationoutcome-issue-source"><valueString value="ProfileValidator"/></extension><extension url="http://hl7.org/fhir/StructureDefinition/operationoutcome-message-id"><valueCode value="RESOURCE_CANONICAL_MISMATCH"/></extension><severity value="error"/><code value="structure"/><details><text value="Conformance resource C:\Users\Agustin\Documents\Forge\integrador\proyectoFinal\fsh-generated\resources\StructureDefinition-MyPractitioner.json - the canonical URL (http://example.org/StructureDefinition/MyPractitioner) does not match the URL (https://example.org/fhir/StructureDefinition/MyPractitioner)"/></details><expression value="StructureDefinition.where(url = 'https://example.org/fhir/StructureDefinition/MyPractitioner')"/></issue><issue><extension url="http://hl7.org/fhir/StructureDefinition/operationoutcome-issue-source"><valueString value="Publisher"/></extension><severity value="warning"/><code value="business-rule"/><details><text value="The Implementation Guide contains no examples for this profile"/></details><expression value="StructureDefinition.where(url = 'https://example.org/fhir/StructureDefinition/MyPractitioner')"/></issue><issue><extension url="http://hl7.org/fhir/StructureDefinition/operationoutcome-issue-source"><valueString value="Publisher"/></extension><severity value="error"/><code value="business-rule"/><details><text value="URL Mismatch http://example.org/StructureDefinition/MyPractitioner vs https://example.org/fhir/StructureDefinition/MyPractitioner"/></details><expression value="C:\Users\Agustin\Documents\Forge\integrador\proyectoFinal\fsh-generated\resources\StructureDefinition-MyPractitioner"/></issue></OperationOutcome></resource></entry><entry><resource><OperationOutcome><extension url="http://hl7.org/fhir/StructureDefinition/operationoutcome-file"><valueString value="C:\Users\Agustin\Documents\Forge\integrador\proyectoFinal\fsh-generated\resources\StructureDefinition-PetOrigin"/></extension><issue><extension url="http://hl7.org/fhir/StructureDefinition/operationoutcome-issue-source"><valueString value="ProfileValidator"/></extension><extension url="http://hl7.org/fhir/StructureDefinition/operationoutcome-message-id"><valueCode value="RESOURCE_CANONICAL_MISMATCH"/></extension><severity value="error"/><code value="structure"/><details><text value="Conformance resource C:\Users\Agustin\Documents\Forge\integrador\proyectoFinal\fsh-generated\resources\StructureDefinition-PetOrigin.json - the canonical URL (http://example.org/StructureDefinition/PetOrigin) does not match the URL (https://example.org/fhir/StructureDefinition/PetOrigin)"/></details><expression value="StructureDefinition.where(url = 'https://example.org/fhir/StructureDefinition/PetOrigin')"/></issue><issue><extension url="http://hl7.org/fhir/StructureDefinition/operationoutcome-issue-source"><valueString value="Publisher"/></extension><severity value="warning"/><code value="business-rule"/><details><text value="The Implementation Guide contains no examples for this profile"/></details><expression value="StructureDefinition.where(url = 'https://example.org/fhir/StructureDefinition/PetOrigin')"/></issue><issue><extension url="http://hl7.org/fhir/StructureDefinition/operationoutcome-issue-source"><valueString value="Publisher"/></extension><severity value="error"/><code value="business-rule"/><details><text value="URL Mismatch http://example.org/StructureDefinition/PetOrigin vs https://example.org/fhir/StructureDefinition/PetOrigin"/></details><expression value="C:\Users\Agustin\Documents\Forge\integrador\proyectoFinal\fsh-generated\resources\StructureDefinition-PetOrigin"/></issue></OperationOutcome></resource></entry><entry><resource><OperationOutcome><extension url="http://hl7.org/fhir/StructureDefinition/operationoutcome-file"><valueString value="C:\Users\Agustin\Documents\Forge\integrador\proyectoFinal\fsh-generated\resources\StructureDefinition-PetOwnerRelatedPerson"/></extension><issue><extension url="http://hl7.org/fhir/StructureDefinition/operationoutcome-issue-source"><valueString value="Publisher"/></extension><severity value="warning"/><code value="business-rule"/><details><text value="The Implementation Guide contains no examples for this profile"/></details><expression value="StructureDefinition.where(url = 'http://example.org/StructureDefinition/PetOwnerRelatedPerson')"/></issue></OperationOutcome></resource></entry><entry><resource><OperationOutcome><extension url="http://hl7.org/fhir/StructureDefinition/operationoutcome-file"><valueString value="C:\Users\Agustin\Documents\Forge\integrador\proyectoFinal\fsh-generated\resources\StructureDefinition-PetParticularSigns"/></extension><issue><extension url="http://hl7.org/fhir/StructureDefinition/operationoutcome-issue-source"><valueString value="ProfileValidator"/></extension><extension url="http://hl7.org/fhir/StructureDefinition/operationoutcome-message-id"><valueCode value="RESOURCE_CANONICAL_MISMATCH"/></extension><severity value="error"/><code value="structure"/><details><text value="Conformance resource C:\Users\Agustin\Documents\Forge\integrador\proyectoFinal\fsh-generated\resources\StructureDefinition-PetParticularSigns.json - the canonical URL (http://example.org/StructureDefinition/PetParticularSigns) does not match the URL (https://example.org/fhir/StructureDefinition/PetParticularSigns)"/></details><expression value="StructureDefinition.where(url = 'https://example.org/fhir/StructureDefinition/PetParticularSigns')"/></issue><issue><extension url="http://hl7.org/fhir/StructureDefinition/operationoutcome-issue-source"><valueString value="Publisher"/></extension><severity value="warning"/><code value="business-rule"/><details><text value="The Implementation Guide contains no examples for this profile"/></details><expression value="StructureDefinition.where(url = 'https://example.org/fhir/StructureDefinition/PetParticularSigns')"/></issue><issue><extension url="http://hl7.org/fhir/StructureDefinition/operationoutcome-issue-source"><valueString value="Publisher"/></extension><severity value="error"/><code value="business-rule"/><details><text value="URL Mismatch http://example.org/StructureDefinition/PetParticularSigns vs https://example.org/fhir/StructureDefinition/PetParticularSigns"/></details><expression value="C:\Users\Agustin\Documents\Forge\integrador\proyectoFinal\fsh-generated\resources\StructureDefinition-PetParticularSigns"/></issue></OperationOutcome></resource></entry><entry><resource><OperationOutcome><extension url="http://hl7.org/fhir/StructureDefinition/operationoutcome-file"><valueString value="C:\Users\Agustin\Documents\Forge\integrador\proyectoFinal\fsh-generated\resources\StructureDefinition-PetPatient"/></extension><issue><extension url="http://hl7.org/fhir/StructureDefinition/operationoutcome-issue-source"><valueString value="ProfileValidator"/></extension><extension url="http://hl7.org/fhir/StructureDefinition/operationoutcome-message-id"><valueCode value="RESOURCE_CANONICAL_MISMATCH"/></extension><severity value="error"/><code value="structure"/><details><text value="Conformance resource C:\Users\Agustin\Documents\Forge\integrador\proyectoFinal\fsh-generated\resources\StructureDefinition-PetPatient.json - the canonical URL (http://example.org/StructureDefinition/PetPatient) does not match the URL (https://example.org/fhir/StructureDefinition/PetPatient)"/></details><expression value="StructureDefinition.where(url = 'https://example.org/fhir/StructureDefinition/PetPatient')"/></issue><issue><extension url="http://hl7.org/fhir/StructureDefinition/operationoutcome-issue-source"><valueString value="Publisher"/></extension><severity value="warning"/><code value="business-rule"/><details><text value="The Implementation Guide contains no examples for this profile"/></details><expression value="StructureDefinition.where(url = 'https://example.org/fhir/StructureDefinition/PetPatient')"/></issue><issue><extension url="http://hl7.org/fhir/StructureDefinition/operationoutcome-issue-source"><valueString value="Publisher"/></extension><severity value="error"/><code value="business-rule"/><details><text value="URL Mismatch http://example.org/StructureDefinition/PetPatient vs https://example.org/fhir/StructureDefinition/PetPatient"/></details><expression value="C:\Users\Agustin\Documents\Forge\integrador\proyectoFinal\fsh-generated\resources\StructureDefinition-PetPatient"/></issue></OperationOutcome></resource></entry><entry><resource><OperationOutcome><extension url="http://hl7.org/fhir/StructureDefinition/operationoutcome-file"><valueString value="C:\Users\Agustin\Documents\Forge\integrador\proyectoFinal\fsh-generated\resources\StructureDefinition-PetTypeCoat"/></extension><issue><extension url="http://hl7.org/fhir/StructureDefinition/operationoutcome-issue-source"><valueString value="ProfileValidator"/></extension><extension url="http://hl7.org/fhir/StructureDefinition/operationoutcome-message-id"><valueCode value="RESOURCE_CANONICAL_MISMATCH"/></extension><severity value="error"/><code value="structure"/><details><text value="Conformance resource C:\Users\Agustin\Documents\Forge\integrador\proyectoFinal\fsh-generated\resources\StructureDefinition-PetTypeCoat.json - the canonical URL (http://example.org/StructureDefinition/PetTypeCoat) does not match the URL (https://example.org/fhir/StructureDefinition/PetTypeCoat)"/></details><expression value="StructureDefinition.where(url = 'https://example.org/fhir/StructureDefinition/PetTypeCoat')"/></issue><issue><extension url="http://hl7.org/fhir/StructureDefinition/operationoutcome-issue-source"><valueString value="Publisher"/></extension><severity value="warning"/><code value="business-rule"/><details><text value="The Implementation Guide contains no examples for this profile"/></details><expression value="StructureDefinition.where(url = 'https://example.org/fhir/StructureDefinition/PetTypeCoat')"/></issue><issue><extension url="http://hl7.org/fhir/StructureDefinition/operationoutcome-issue-source"><valueString value="Publisher"/></extension><severity value="error"/><code value="business-rule"/><details><text value="URL Mismatch http://example.org/StructureDefinition/PetTypeCoat vs https://example.org/fhir/StructureDefinition/PetTypeCoat"/></details><expression value="C:\Users\Agustin\Documents\Forge\integrador\proyectoFinal\fsh-generated\resources\StructureDefinition-PetTypeCoat"/></issue></OperationOutcome></resource></entry><entry><resource><OperationOutcome><extension url="http://hl7.org/fhir/StructureDefinition/operationoutcome-file"><valueString value="C:\Users\Agustin\Documents\Forge\integrador\proyectoFinal\fsh-generated\resources\StructureDefinition-PetWeight"/></extension><issue><extension url="http://hl7.org/fhir/StructureDefinition/operationoutcome-issue-source"><valueString value="ProfileValidator"/></extension><extension url="http://hl7.org/fhir/StructureDefinition/operationoutcome-message-id"><valueCode value="RESOURCE_CANONICAL_MISMATCH"/></extension><severity value="error"/><code value="structure"/><details><text value="Conformance resource C:\Users\Agustin\Documents\Forge\integrador\proyectoFinal\fsh-generated\resources\StructureDefinition-PetWeight.json - the canonical URL (http://example.org/StructureDefinition/PetWeight) does not match the URL (https://example.org/fhir/StructureDefinition/PetWeight)"/></details><expression value="StructureDefinition.where(url = 'https://example.org/fhir/StructureDefinition/PetWeight')"/></issue><issue><extension url="http://hl7.org/fhir/StructureDefinition/operationoutcome-issue-source"><valueString value="Publisher"/></extension><severity value="warning"/><code value="business-rule"/><details><text value="The Implementation Guide contains no examples for this profile"/></details><expression value="StructureDefinition.where(url = 'https://example.org/fhir/StructureDefinition/PetWeight')"/></issue><issue><extension url="http://hl7.org/fhir/StructureDefinition/operationoutcome-issue-source"><valueString value="Publisher"/></extension><severity value="error"/><code value="business-rule"/><details><text value="URL Mismatch http://example.org/StructureDefinition/PetWeight vs https://example.org/fhir/StructureDefinition/PetWeight"/></details><expression value="C:\Users\Agustin\Documents\Forge\integrador\proyectoFinal\fsh-generated\resources\StructureDefinition-PetWeight"/></issue></OperationOutcome></resource></entry><entry><resource><OperationOutcome><extension url="http://hl7.org/fhir/StructureDefinition/operationoutcome-file"><valueString value="C:\Users\Agustin\Documents\Forge\integrador\proyectoFinal\fsh-generated\resources\StructureDefinition-PetZootechnicalPurpose"/></extension><issue><extension url="http://hl7.org/fhir/StructureDefinition/operationoutcome-issue-source"><valueString value="ProfileValidator"/></extension><extension url="http://hl7.org/fhir/StructureDefinition/operationoutcome-message-id"><valueCode value="RESOURCE_CANONICAL_MISMATCH"/></extension><severity value="error"/><code value="structure"/><details><text value="Conformance resource C:\Users\Agustin\Documents\Forge\integrador\proyectoFinal\fsh-generated\resources\StructureDefinition-PetZootechnicalPurpose.json - the canonical URL (http://example.org/StructureDefinition/PetZootechnicalPurpose) does not match the URL (https://example.org/fhir/StructureDefinition/PetZootechnicalPurpose)"/></details><expression value="StructureDefinition.where(url = 'https://example.org/fhir/StructureDefinition/PetZootechnicalPurpose')"/></issue><issue><extension url="http://hl7.org/fhir/StructureDefinition/operationoutcome-issue-source"><valueString value="Publisher"/></extension><severity value="warning"/><code value="business-rule"/><details><text value="The Implementation Guide contains no examples for this profile"/></details><expression value="StructureDefinition.where(url = 'https://example.org/fhir/StructureDefinition/PetZootechnicalPurpose')"/></issue><issue><extension url="http://hl7.org/fhir/StructureDefinition/operationoutcome-issue-source"><valueString value="Publisher"/></extension><severity value="error"/><code value="business-rule"/><details><text value="URL Mismatch http://example.org/StructureDefinition/PetZootechnicalPurpose vs https://example.org/fhir/StructureDefinition/PetZootechnicalPurpose"/></details><expression value="C:\Users\Agustin\Documents\Forge\integrador\proyectoFinal\fsh-generated\resources\StructureDefinition-PetZootechnicalPurpose"/></issue></OperationOutcome></resource></entry><entry><resource><OperationOutcome><extension url="http://hl7.org/fhir/StructureDefinition/operationoutcome-file"><valueString value="C:\Users\Agustin\Documents\Forge\integrador\proyectoFinal\fsh-generated\resources\StructureDefinition-RazaAnimal"/></extension><issue><extension url="http://hl7.org/fhir/StructureDefinition/operationoutcome-issue-source"><valueString value="ProfileValidator"/></extension><extension url="http://hl7.org/fhir/StructureDefinition/operationoutcome-message-id"><valueCode value="RESOURCE_CANONICAL_MISMATCH"/></extension><severity value="error"/><code value="structure"/><details><text value="Conformance resource C:\Users\Agustin\Documents\Forge\integrador\proyectoFinal\fsh-generated\resources\StructureDefinition-RazaAnimal.json - the canonical URL (http://example.org/StructureDefinition/RazaAnimal) does not match the URL (https://example.org/fhir/StructureDefinition/RazaAnimal)"/></details><expression value="StructureDefinition.where(url = 'https://example.org/fhir/StructureDefinition/RazaAnimal')"/></issue><issue><extension url="http://hl7.org/fhir/StructureDefinition/operationoutcome-issue-source"><valueString value="Publisher"/></extension><severity value="warning"/><code value="business-rule"/><details><text value="The Implementation Guide contains no examples for this extension"/></details><expression value="StructureDefinition.where(url = 'https://example.org/fhir/StructureDefinition/RazaAnimal')"/></issue><issue><extension url="http://hl7.org/fhir/StructureDefinition/operationoutcome-issue-source"><valueString value="Publisher"/></extension><severity value="error"/><code value="business-rule"/><details><text value="URL Mismatch http://example.org/StructureDefinition/RazaAnimal vs https://example.org/fhir/StructureDefinition/RazaAnimal"/></details><expression value="C:\Users\Agustin\Documents\Forge\integrador\proyectoFinal\fsh-generated\resources\StructureDefinition-RazaAnimal"/></issue></OperationOutcome></resource></entry><entry><resource><OperationOutcome><extension url="http://hl7.org/fhir/StructureDefinition/operationoutcome-file"><valueString value="C:\Users\Agustin\Documents\Forge\integrador\proyectoFinal\fsh-generated\resources\StructureDefinition-VetOrganization"/></extension><issue><extension url="http://hl7.org/fhir/StructureDefinition/operationoutcome-issue-source"><valueString value="ProfileValidator"/></extension><extension url="http://hl7.org/fhir/StructureDefinition/operationoutcome-message-id"><valueCode value="RESOURCE_CANONICAL_MISMATCH"/></extension><severity value="error"/><code value="structure"/><details><text value="Conformance resource C:\Users\Agustin\Documents\Forge\integrador\proyectoFinal\fsh-generated\resources\StructureDefinition-VetOrganization.json - the canonical URL (http://example.org/StructureDefinition/VetOrganization) does not match the URL (https://example.org/fhir/StructureDefinition/VetOrganization)"/></details><expression value="StructureDefinition.where(url = 'https://example.org/fhir/StructureDefinition/VetOrganization')"/></issue><issue><extension url="http://hl7.org/fhir/StructureDefinition/operationoutcome-issue-source"><valueString value="Publisher"/></extension><severity value="warning"/><code value="business-rule"/><details><text value="The Implementation Guide contains no examples for this profile"/></details><expression value="StructureDefinition.where(url = 'https://example.org/fhir/StructureDefinition/VetOrganization')"/></issue><issue><extension url="http://hl7.org/fhir/StructureDefinition/operationoutcome-issue-source"><valueString value="Publisher"/></extension><severity value="error"/><code value="business-rule"/><details><text value="URL Mismatch http://example.org/StructureDefinition/VetOrganization vs https://example.org/fhir/StructureDefinition/VetOrganization"/></details><expression value="C:\Users\Agustin\Documents\Forge\integrador\proyectoFinal\fsh-generated\resources\StructureDefinition-VetOrganization"/></issue></OperationOutcome></resource></entry><entry><resource><OperationOutcome><extension url="http://hl7.org/fhir/StructureDefinition/operationoutcome-file"><valueString value="C:\Users\Agustin\Documents\Forge\integrador\proyectoFinal\fsh-generated\resources\ValueSet-especieAnimal"/></extension><issue><extension url="http://hl7.org/fhir/StructureDefinition/operationoutcome-issue-line"><valueInteger value="1"/></extension><extension url="http://hl7.org/fhir/StructureDefinition/operationoutcome-issue-col"><valueInteger value="756"/></extension><extension url="http://hl7.org/fhir/StructureDefinition/operationoutcome-issue-source"><valueString value="InstanceValidator"/></extension><extension url="http://hl7.org/fhir/StructureDefinition/operationoutcome-message-id"><valueCode value="VALUESET_SHAREABLE_MISSING"/></extension><severity value="warning"/><code value="required"/><details><text value="El perfil ShareableValueSet dice que el elemento experimental es obligatorio, pero no está presente. Los conjuntos de valores publicados DEBERIAN conformar al perfil ShareableValueSet"/></details><expression value="ValueSet/especieAnimal: ValueSet"/></issue></OperationOutcome></resource></entry><entry><resource><OperationOutcome><extension url="http://hl7.org/fhir/StructureDefinition/operationoutcome-file"><valueString value="C:\Users\Agustin\Documents\Forge\integrador\proyectoFinal\fsh-generated\resources\ValueSet-estadoGenero"/></extension><issue><extension url="http://hl7.org/fhir/StructureDefinition/operationoutcome-issue-line"><valueInteger value="1"/></extension><extension url="http://hl7.org/fhir/StructureDefinition/operationoutcome-issue-col"><valueInteger value="752"/></extension><extension url="http://hl7.org/fhir/StructureDefinition/operationoutcome-issue-source"><valueString value="InstanceValidator"/></extension><extension url="http://hl7.org/fhir/StructureDefinition/operationoutcome-message-id"><valueCode value="VALUESET_SHAREABLE_MISSING"/></extension><severity value="warning"/><code value="required"/><details><text value="El perfil ShareableValueSet dice que el elemento experimental es obligatorio, pero no está presente. Los conjuntos de valores publicados DEBERIAN conformar al perfil ShareableValueSet"/></details><expression value="ValueSet/estadoGenero: ValueSet"/></issue></OperationOutcome></resource></entry><entry><resource><OperationOutcome><extension url="http://hl7.org/fhir/StructureDefinition/operationoutcome-file"><valueString value="C:\Users\Agustin\Documents\Forge\integrador\proyectoFinal\fsh-generated\resources\ValueSet-razaAnimal"/></extension><issue><extension url="http://hl7.org/fhir/StructureDefinition/operationoutcome-issue-line"><valueInteger value="1"/></extension><extension url="http://hl7.org/fhir/StructureDefinition/operationoutcome-issue-col"><valueInteger value="729"/></extension><extension url="http://hl7.org/fhir/StructureDefinition/operationoutcome-issue-source"><valueString value="InstanceValidator"/></extension><extension url="http://hl7.org/fhir/StructureDefinition/operationoutcome-message-id"><valueCode value="VALUESET_SHAREABLE_MISSING"/></extension><severity value="warning"/><code value="required"/><details><text value="El perfil ShareableValueSet dice que el elemento experimental es obligatorio, pero no está presente. Los conjuntos de valores publicados DEBERIAN conformar al perfil ShareableValueSet"/></details><expression value="ValueSet/razaAnimal: ValueSet"/></issue></OperationOutcome></resource></entry></Bundle>