{
  "package": "fhir.example",
  "version": "0.1.0",
  "fhirVersion": "4.0.1",
  "extensions": [
    {
      "url": "https://example.org/fhir/StructureDefinition/EspecieAnimal",
      "title": "EspecieAnimal",
      "types": [
        "base64Binary",
        "boolean",
        "canonical",
        "code",
        "date",
        "dateTime",
        "decimal",
        "id",
        "instant",
        "integer",
        "markdown",
        "oid",
        "positiveInt",
        "string",
        "time",
        "unsignedInt",
        "uri",
        "url",
        "uuid",
        "Address",
        "Age",
        "Annotation",
        "Attachment",
        "CodeableConcept",
        "Coding",
        "ContactPoint",
        "Count",
        "Distance",
        "Duration",
        "HumanName",
        "Identifier",
        "Money",
        "Period",
        "Quantity",
        "Range",
        "Ratio",
        "Reference",
        "SampledData",
        "Signature",
        "Timing",
        "ContactDetail",
        "Contributor",
        "DataRequirement",
        "Expression",
        "ParameterDefinition",
        "RelatedArtifact",
        "TriggerDefinition",
        "UsageContext",
        "Dosage",
        "Meta"
      ]
    },
    {
      "url": "https://example.org/fhir/StructureDefinition/EstadoDelGenero",
      "title": "EstadoDelGenero",
      "types": [
        "Coding",
        "string",
        "Extension",
        "uri",
        "string",
        "code",
        "string",
        "boolean"
      ]
    },
    {
      "url": "https://example.org/fhir/StructureDefinition/RazaAnimal",
      "title": "RazaAnimal",
      "types": [
        "Coding",
        "string",
        "Extension",
        "uri",
        "string",
        "code",
        "string",
        "boolean"
      ]
    }
  ],
  "profiles": {
    "RelatedPerson": [
      {
        "url": "http://example.org/StructureDefinition/PetOwnerRelatedPerson",
        "title": "PetOwnerRelatedPerson"
      }
    ],
    "Composition": [
      {
        "url": "https://example.org/fhir/StructureDefinition/Composition",
        "title": "MyComposition"
      }
    ],
    "Practitioner": [
      {
        "url": "https://example.org/fhir/StructureDefinition/MyPractitioner",
        "title": "MyPractitioner"
      }
    ],
    "Observation": [
      {
        "url": "https://example.org/fhir/StructureDefinition/PetTypeCoat",
        "title": "PetTypeCoat"
      },
      {
        "url": "https://example.org/fhir/StructureDefinition/PetWeight",
        "title": "PetWeight"
      },
      {
        "url": "https://example.org/fhir/StructureDefinition/PetZootechnicalPurpose",
        "title": "PetZootechnicalPurpose"
      }
    ],
    "Patient": [
      {
        "url": "https://example.org/fhir/StructureDefinition/PetPatient",
        "title": "PetPatient"
      }
    ],
    "Organization": [
      {
        "url": "https://example.org/fhir/StructureDefinition/VetOrganization",
        "title": "VetOrganization"
      }
    ]
  },
  "usage": {
    "http://hl7.org/fhir/StructureDefinition/elementdefinition-bestpractice": [
      "StructureDefinition.snapshot.element.constraint"
    ],
    "http://hl7.org/fhir/StructureDefinition/elementdefinition-bestpractice-explanation": [
      "StructureDefinition.snapshot.element.constraint"
    ],
    "http://hl7.org/fhir/StructureDefinition/elementdefinition-bindingName": [
      "StructureDefinition.snapshot.element.binding"
    ],
    "http://hl7.org/fhir/StructureDefinition/elementdefinition-isCommonBinding": [
      "StructureDefinition.snapshot.element.binding"
    ],
    "http://hl7.org/fhir/StructureDefinition/elementdefinition-maxValueSet": [
      "StructureDefinition.snapshot.element.binding"
    ],
    "http://hl7.org/fhir/StructureDefinition/elementdefinition-translatable": [
      "StructureDefinition.snapshot.element"
    ],
    "http://hl7.org/fhir/StructureDefinition/structuredefinition-display-hint": [
      "StructureDefinition.snapshot.element"
    ],
    "http://hl7.org/fhir/StructureDefinition/structuredefinition-explicit-type-name": [
      "StructureDefinition.snapshot.element"
    ],
    "http://hl7.org/fhir/StructureDefinition/structuredefinition-fhir-type": [
      "StructureDefinition.snapshot.element.type"
    ],
    "http://hl7.org/fhir/StructureDefinition/structuredefinition-hierarchy": [
      "StructureDefinition.differential.element.type",
      "StructureDefinition.snapshot.element.type"
    ],
    "http://hl7.org/fhir/tools/StructureDefinition/ig-internal-dependency": [
      "ImplementationGuide.definition"
    ],
    "http://hl7.org/fhir/tools/StructureDefinition/ig-page-name": [
      "ImplementationGuide.definition.page"
    ],
    "http://hl7.org/fhir/tools/StructureDefinition/ig-parameter": [
      "ImplementationGuide.definition"
    ],
    "http://hl7.org/fhir/tools/StructureDefinition/implementationguide-dependency-comment": [
      "ImplementationGuide.dependsOn"
    ],
    "http://hl7.org/fhir/tools/StructureDefinition/resource-information": [
      "ImplementationGuide.definition.resource"
    ],
    "https://example.org/fhir/StructureDefinition/EspecieAnimal": [
      "Patient"
    ],
    "https://example.org/fhir/StructureDefinition/EstadoDelGenero": [
      "Patient"
    ],
    "https://example.org/fhir/StructureDefinition/RazaAnimal": [
      "Patient"
    ]
  }
}