{"resourceType":"CodeSystem","id":"animal-species","text":{"status":"generated","div":"<div xmlns=\"http://www.w3.org/1999/xhtml\"><p>This code system <code>http://example.com/fhir/CodeSystem/animal-species</code> defines the following codes:</p><table class=\"codes\"><tr><td style=\"white-space:nowrap\"><b>Code</b></td><td><b>Display</b></td></tr><tr><td style=\"white-space:nowrap\">canis-lupus-familiaris<a name=\"animal-species-canis-lupus-familiaris\"> </a></td><td>Canis lupus familiaris</td></tr><tr><td style=\"white-space:nowrap\">felis-catus<a name=\"animal-species-felis-catus\"> </a></td><td>Felis catus</td></tr><tr><td style=\"white-space:nowrap\">equus-caballus<a name=\"animal-species-equus-caballus\"> </a></td><td>Equus caballus</td></tr><tr><td style=\"white-space:nowrap\">bos-taurus<a name=\"animal-species-bos-taurus\"> </a></td><td>Bos taurus</td></tr><tr><td style=\"white-space:nowrap\">ovis-aries<a name=\"animal-species-ovis-aries\"> </a></td><td>Ovis aries</td></tr><tr><td style=\"white-space:nowrap\">sus-scrofa-domestica<a name=\"animal-species-sus-scrofa-domestica\"> </a></td><td>Sus scrofa domestica</td></tr><tr><td style=\"white-space:nowrap\">gallus-gallus-domesticus<a name=\"animal-species-gallus-gallus-domesticus\"> </a></td><td>Gallus gallus domesticus</td></tr></table></div>"},"url":"http://example.com/fhir/CodeSystem/animal-species","version":"0.1.0","name":"Animal_Species","status":"active","date":"2023-07-17T16:02:45-03:00","publisher":"Example Publisher","contact":[{"name":"Example Publisher","telecom":[{"system":"url","value":"http://example.org/example-publisher"}]}],"description":"A code system for representing animal species.","content":"complete","count":7,"concept":[{"code":"canis-lupus-familiaris","display":"Canis lupus familiaris","property":[{"code":"definition","valueString":"Domestic dog"}]},{"code":"felis-catus","display":"Felis catus","property":[{"code":"definition","valueString":"Domestic cat"}]},{"code":"equus-caballus","display":"Equus caballus","property":[{"code":"definition","valueString":"Horse"}]},{"code":"bos-taurus","display":"Bos taurus","property":[{"code":"definition","valueString":"Cattle"}]},{"code":"ovis-aries","display":"Ovis aries","property":[{"code":"definition","valueString":"Sheep"}]},{"code":"sus-scrofa-domestica","display":"Sus scrofa domestica","property":[{"code":"definition","valueString":"Domestic pig"}]},{"code":"gallus-gallus-domesticus","display":"Gallus gallus domesticus","property":[{"code":"definition","valueString":"Chicken"}]}]}