{"resourceType":"CodeSystem","id":"animal-breed","text":{"status":"generated","div":"<div xmlns=\"http://www.w3.org/1999/xhtml\"><p>This code system <code>http://example.com/fhir/CodeSystem/animal-breed</code> defines the following codes:</p><table class=\"codes\"><tr><td style=\"white-space:nowrap\"><b>Code</b></td><td><b>Display</b></td><td><b>Definition</b></td></tr><tr><td style=\"white-space:nowrap\">labrador-retriever<a name=\"animal-breed-labrador-retriever\"> </a></td><td>Labrador Retriever</td><td>A medium-large breed of retriever gun dog.</td></tr><tr><td style=\"white-space:nowrap\">siamese<a name=\"animal-breed-siamese\"> </a></td><td>Siamese</td><td>A breed of domestic cat originating from Thailand.</td></tr><tr><td style=\"white-space:nowrap\">persian<a name=\"animal-breed-persian\"> </a></td><td>Persian</td><td>A long-haired breed of cat with a distinctive round face.</td></tr><tr><td style=\"white-space:nowrap\">poodle<a name=\"animal-breed-poodle\"> </a></td><td>Poodle</td><td>A group of formal dog breeds, including Standard Poodle, Miniature Poodle, and Toy Poodle.</td></tr></table></div>"},"url":"http://example.com/fhir/CodeSystem/animal-breed","version":"0.1.0","name":"Animal_Breed","status":"active","date":"2023-07-17T16:02:45-03:00","publisher":"Example Publisher","contact":[{"name":"Example Publisher","telecom":[{"system":"url","value":"http://example.org/example-publisher"}]}],"description":"A code system for representing animal breeds.","content":"complete","count":4,"concept":[{"code":"labrador-retriever","display":"Labrador Retriever","definition":"A medium-large breed of retriever gun dog."},{"code":"siamese","display":"Siamese","definition":"A breed of domestic cat originating from Thailand."},{"code":"persian","display":"Persian","definition":"A long-haired breed of cat with a distinctive round face."},{"code":"poodle","display":"Poodle","definition":"A group of formal dog breeds, including Standard Poodle, Miniature Poodle, and Toy Poodle."}]}