{"resourceType":"ValueSet","id":"especieAnimal","text":{"status":"generated","div":"<div xmlns=\"http://www.w3.org/1999/xhtml\"><ul><li>Include all codes defined in <a href=\"CodeSystem-animal-species.html\"><code>http://example.com/fhir/CodeSystem/animal-species</code></a></li></ul></div>"},"url":"http://example.org/ValueSet/especieAnimal","version":"0.1.0","name":"EspecieAnimal","title":"Tipos de Especies Animales","status":"active","date":"2023-07-17T16:02:45-03:00","publisher":"Example Publisher","contact":[{"name":"Example Publisher","telecom":[{"system":"url","value":"http://example.org/example-publisher"}]}],"description":"Listado de Especies Animales","compose":{"include":[{"system":"http://example.com/fhir/CodeSystem/animal-species"}]}}